<?xml version="1.0" encoding="utf-8"?>
<manifest identifier="_6gt6J9QAfIK_course_id" version="1.0" xmlns="http://www.imsproject.org/xsd/imscp_rootv1p1p2" xmlns:adlcp="http://www.adlnet.org/xsd/adlcp_rootv1p2" xmlns:xsi="http://www.w3.org/2001/XMLSchema-instance" xsi:schemaLocation="http://www.imsproject.org/xsd/imscp_rootv1p1p2 imscp_rootv1p1p2.xsd http://www.imsglobal.org/xsd/imsmd_rootv1p2p1 imsmd_rootv1p2p1.xsd http://www.adlnet.org/xsd/adlcp_rootv1p2 adlcp_rootv1p2.xsd">
  <metadata>
    <schema>ADL SCORM</schema>
    <schemaversion>1.2</schemaversion>
    <lom xmlns="http://www.imsglobal.org/xsd/imsmd_rootv1p2p1" xmlns:xsi="http://www.w3.org/2001/XMLSchema-instance" xsi:schemaLocation="http://www.imsglobal.org/xsd/imsmd_rootv1p2p1 imsmd_rootv1p2p1.xsd">
      <general>
        <title>
          <langstring xml:lang="x-none">Info sec_e-learning_v01.00_20160715</langstring>
        </title>
      </general>
      <lifecycle>
        <version>
          <langstring xml:lang="x-none">1</langstring>
        </version>
        <status>
          <source>
            <langstring xml:lang="x-none">LOMv1.0</langstring>
          </source>
          <value>
            <langstring xml:lang="x-none">Final</langstring>
          </value>
        </status>
      </lifecycle>
      <metametadata>
        <metadatascheme>ADL SCORM 1.2</metadatascheme>
      </metametadata>
      <educational>
        <typicallearningtime>
          <datetime>PT0H0M0S</datetime>
        </typicallearningtime>
      </educational>
      <rights>
        <cost>
          <source>
            <langstring xml:lang="x-none">LOMv1.0</langstring>
          </source>
          <value>
            <langstring xml:lang="x-none">yes</langstring>
          </value>
        </cost>
        <copyrightandotherrestrictions>
          <source>
            <langstring xml:lang="x-none">LOMv1.0</langstring>
          </source>
          <value>
            <langstring xml:lang="x-none">yes</langstring>
          </value>
        </copyrightandotherrestrictions>
      </rights>
    </lom>
  </metadata>
  <organizations default="Info_sec_e-learning_v01.00_20160715_ORG">
    <organization identifier="Info_sec_e-learning_v01.00_20160715_ORG">
      <title>Info sec_e-learning_v01.00_20160715</title>
      <item identifier="ISO27001_e-learning_course_SCO" isvisible="true" identifierref="__6gt6J9QAfIK_course_id_RES">
        <title>Info sec_e-learning_v01.00_20160715</title>
      </item>
    </organization>
  </organizations>
  <resources>
    <resource identifier="__6gt6J9QAfIK_course_id_RES" type="webcontent" href="index_lms.html" adlcp:scormtype="sco">
      <file href="story_content/thumbnail.jpg" />
      <file href="story_content/Slide5kCF3MO23fH.swf" />
      <file href="story_content/6I3MWLVD3Cx_80_DX2496_DY2496.jpg" />
      <file href="mobile/6I3MWLVD3Cx_80_DX2496_DY2496_CX1248_CY712.jpg" />
      <file href="story_content/5mFv0WIuI5K_80_DX196_DY196.swf" />
      <file href="mobile/5mFv0WIuI5K_80_DX196_DY196_CX98_CY88.png" />
      <file href="story_content/6Rv7rKbQ41y_80_P_22_17_1190_534_DX768_DY768.swf" />
      <file href="mobile/6Rv7rKbQ41y_80_P_22_17_1190_534_DX768_DY768_CX370_CY174.png" />
      <file href="story_content/5dmuLLpSAGG_80_DX1538_DY1538.jpg" />
      <file href="mobile/5dmuLLpSAGG_80_DX1538_DY1538_CX769_CY39.jpg" />
      <file href="story_content/Slide6E71TXucAZp.swf" />
      <file href="story_content/6mWOnHF15A7_80_DX198_DY198.swf" />
      <file href="mobile/6mWOnHF15A7_80_DX198_DY198_CX99_CY98.png" />
      <file href="story_content/6YiDep7fet3_80_DX680_DY680.swf" />
      <file href="mobile/6YiDep7fet3_80_DX680_DY680_CX218_CY340.png" />
      <file href="story_content/Shape6Vahef08ZA9.swf" />
      <file href="story_content/Shape5nNrRMSUbZQ.swf" />
      <file href="story_content/Shape6E5aWRh8MS0.swf" />
      <file href="story_content/69nRnuJ7iS7_80_DX68_DY68.swf" />
      <file href="mobile/69nRnuJ7iS7_80_DX68_DY68_CX34_CY30.png" />
      <file href="story_content/69nRnuJ7iS7_80_RA6A6A6_DX68_DY68.swf" />
      <file href="mobile/69nRnuJ7iS7_80_RA6A6A6_DX68_DY68_CX34_CY30.png" />
      <file href="story_content/5fRZnv1G6UZ_80_DX68_DY68.swf" />
      <file href="mobile/5fRZnv1G6UZ_80_DX68_DY68_CX34_CY34.png" />
      <file href="story_content/5fRZnv1G6UZ_80_RA6A6A6_DX68_DY68.swf" />
      <file href="mobile/5fRZnv1G6UZ_80_RA6A6A6_DX68_DY68_CX34_CY34.png" />
      <file href="story_content/5mFv0WIuI5K_80_DX194_DY194.swf" />
      <file href="mobile/5mFv0WIuI5K_80_DX194_DY194_CX72_CY65.png" />
      <file href="story_content/5te7IhYt68Z_80_P_30_0_880_535_DX1820_DY1820.swf" />
      <file href="mobile/5te7IhYt68Z_80_P_30_0_880_535_DX1820_DY1820_CX880_CY535.png" />
      <file href="story_content/txt__default_5nl7QdUnAWA.swf" />
      <file href="story_content/Shape6nlVGTY0YR4.swf" />
      <file href="story_content/txt__default_6i57isauHnF.swf" />
      <file href="story_content/txt__default_Hover_6i57isauHnF.swf" />
      <file href="story_content/txt__default_Hover_Selected_6i57isauHnF.swf" />
      <file href="story_content/txt__default_5szTPlHrVJO.swf" />
      <file href="story_content/txt__default_Hover_5szTPlHrVJO.swf" />
      <file href="story_content/txt__default_Hover_Selected_5szTPlHrVJO.swf" />
      <file href="story_content/txt__default_5fBOxmmAXKd.swf" />
      <file href="story_content/txt__default_Hover_5fBOxmmAXKd.swf" />
      <file href="story_content/txt__default_Hover_Selected_5fBOxmmAXKd.swf" />
      <file href="story_content/Shape6OEMZ9HbSmq.swf" />
      <file href="story_content/5te7IhYt68Z_80_P_30_0_880_536_DX1820_DY1820.swf" />
      <file href="mobile/5te7IhYt68Z_80_P_30_0_880_536_DX1820_DY1820_CX880_CY536.png" />
      <file href="story_content/txt__default_5oHwm8t5pQF.swf" />
      <file href="story_content/txt__default_5qSGRSWZhko.swf" />
      <file href="story_content/txt__default_5yw8BtYWyXe.swf" />
      <file href="story_content/Shape6FebELLlsd1.swf" />
      <file href="story_content/5te7IhYt68Z_80_P_30_0_880_538_DX1820_DY1820.swf" />
      <file href="mobile/5te7IhYt68Z_80_P_30_0_880_538_DX1820_DY1820_CX880_CY538.png" />
      <file href="story_content/txt__default_637u4Kv8HQX.swf" />
      <file href="story_content/txt__default_6B09yPY67e4.swf" />
      <file href="story_content/Shape69haUwOz7ze.swf" />
      <file href="story_content/txt__default_5Zw1CFZ7hRj.swf" />
      <file href="story_content/txt__default_6PIo5hTtZaW.swf" />
      <file href="story_content/Shape5zShIM3UuLQ.swf" />
      <file href="story_content/5te7IhYt68Z_80_P_30_0_880_539_DX1820_DY1820.swf" />
      <file href="mobile/5te7IhYt68Z_80_P_30_0_880_539_DX1820_DY1820_CX880_CY539.png" />
      <file href="story_content/txt__default_65Qc5Nbb7jE.swf" />
      <file href="story_content/txt__default_6JbHImgaCJe.swf" />
      <file href="story_content/Shape5n90uDg487b.swf" />
      <file href="story_content/txt__default_6Ut0K8S9L3s.swf" />
      <file href="story_content/txt__default_5h5Fs6NDAu1.swf" />
      <file href="story_content/5zG7DhUTTYN_80_P_0_35_1280_800_DX256_DY256.swf" />
      <file href="mobile/5zG7DhUTTYN_80_P_0_35_1280_800_DX256_DY256_CX128_CY80.png" />
      <file href="story_content/5Zt4pwccyj6_80_DX256_DY256.jpg" />
      <file href="mobile/5Zt4pwccyj6_80_DX256_DY256_CX128_CY80.jpg" />
      <file href="story_content/5ilnvz1BsuV_80_P_0_0_1280_788_DX256_DY256.swf" />
      <file href="mobile/5ilnvz1BsuV_80_P_0_0_1280_788_DX256_DY256_CX128_CY80.png" />
      <file href="story_content/Shape6Gdjd0fYpIM.swf" />
      <file href="story_content/Shape5uN6ofqctex.swf" />
      <file href="mobile/6mWOnHF15A7_80_DX198_DY198_CX51_CY50.png" />
      <file href="story_content/5Z7BOUhVZUY_80_DX1466_DY1466.swf" />
      <file href="mobile/5Z7BOUhVZUY_80_DX1466_DY1466_CX499_CY733.png" />
      <file href="story_content/5rg71ruJQxc_80_DX1218_DY1218.jpg" />
      <file href="mobile/5rg71ruJQxc_80_DX1218_DY1218_CX609_CY379.jpg" />
      <file href="story_content/Shape6q0qrBu7oB4.swf" />
      <file href="story_content/Shape6C7Qo5e8Q9C.swf" />
      <file href="story_content/Shape6CjMdzvLAnn.swf" />
      <file href="story_content/5rg71ruJQxc_80_DX1220_DY1220.jpg" />
      <file href="mobile/5rg71ruJQxc_80_DX1220_DY1220_CX610_CY379.jpg" />
      <file href="story_content/5WViD9pxBcM_80_DX764_DY764.jpg" />
      <file href="mobile/5WViD9pxBcM_80_DX764_DY764_CX84_CY382.jpg" />
      <file href="story_content/Shape68fmNxte8th.swf" />
      <file href="story_content/Shape5aqGLxVi0id.swf" />
      <file href="story_content/Shape5p567L9a3bo.swf" />
      <file href="story_content/Shape5yCTIYQ7EWP.swf" />
      <file href="story_content/Shape6PQHSXN7GRR.swf" />
      <file href="story_content/Shape5lSsPTHxwxV.swf" />
      <file href="story_content/Shape6YeIdaXbVmX.swf" />
      <file href="story_content/Shape6Ed9kWzSS6w.swf" />
      <file href="story_content/Shape6RQcka3QSqd.swf" />
      <file href="story_content/Shape65OF2DfgA2o.swf" />
      <file href="story_content/Shape6RQncJUJka6.swf" />
      <file href="story_content/Shape68KWoX4J9it.swf" />
      <file href="story_content/Shape5b8cNKBqNte.swf" />
      <file href="story_content/Shape6rRzMFYOgls.swf" />
      <file href="story_content/Shape6aM0hGndlf4.swf" />
      <file href="story_content/Shape5yauMesNb6a.swf" />
      <file href="story_content/Shape6gw8DsVY2pu.swf" />
      <file href="story_content/Shape6Zd5LIMBdBn.swf" />
      <file href="story_content/Shape6kcvvpNyUuw.swf" />
      <file href="story_content/6nfBhQsulr5_80_DX270_DY270.jpg" />
      <file href="mobile/6nfBhQsulr5_80_DX270_DY270_CX135_CY90.jpg" />
      <file href="story_content/6nfBhQsulr5_80_RB2BDE5_DX270_DY270.jpg" />
      <file href="mobile/6nfBhQsulr5_80_RB2BDE5_DX270_DY270_CX135_CY90.jpg" />
      <file href="story_content/Shape66m8MlldMHU.swf" />
      <file href="story_content/6mvx30tpd3h_80_DX270_DY270.jpg" />
      <file href="mobile/6mvx30tpd3h_80_DX270_DY270_CX135_CY90.jpg" />
      <file href="story_content/6mvx30tpd3h_80_RB2BDE5_DX270_DY270.jpg" />
      <file href="mobile/6mvx30tpd3h_80_RB2BDE5_DX270_DY270_CX135_CY90.jpg" />
      <file href="story_content/Shape6JOR7GBbY8d.swf" />
      <file href="story_content/69pexnYcnFa_80_DX270_DY270.swf" />
      <file href="mobile/69pexnYcnFa_80_DX270_DY270_CX135_CY90.png" />
      <file href="story_content/69pexnYcnFa_80_RB2BDE5_DX270_DY270.swf" />
      <file href="mobile/69pexnYcnFa_80_RB2BDE5_DX270_DY270_CX135_CY90.png" />
      <file href="story_content/Shape6oc9ZSUNHKu.swf" />
      <file href="story_content/6bowicq4ALf_80_DX270_DY270.swf" />
      <file href="mobile/6bowicq4ALf_80_DX270_DY270_CX135_CY90.png" />
      <file href="story_content/6bowicq4ALf_80_RB2BDE5_DX270_DY270.swf" />
      <file href="mobile/6bowicq4ALf_80_RB2BDE5_DX270_DY270_CX135_CY90.png" />
      <file href="story_content/Shape5iwLEE2kaA9.swf" />
      <file href="story_content/6b6hd0ZPT1u_80_DX270_DY270.jpg" />
      <file href="mobile/6b6hd0ZPT1u_80_DX270_DY270_CX135_CY90.jpg" />
      <file href="story_content/6b6hd0ZPT1u_80_RB2BDE5_DX270_DY270.jpg" />
      <file href="mobile/6b6hd0ZPT1u_80_RB2BDE5_DX270_DY270_CX135_CY90.jpg" />
      <file href="story_content/Shape6oF12iwewPI.swf" />
      <file href="story_content/67je8eCYjVU_80_DX270_DY270.jpg" />
      <file href="mobile/67je8eCYjVU_80_DX270_DY270_CX135_CY89.jpg" />
      <file href="story_content/67je8eCYjVU_80_RB2BDE5_DX270_DY270.jpg" />
      <file href="mobile/67je8eCYjVU_80_RB2BDE5_DX270_DY270_CX135_CY89.jpg" />
      <file href="story_content/Shape5g8VQo6fUVT.swf" />
      <file href="story_content/6Cd2Trvl0tw_80_DX270_DY270.swf" />
      <file href="mobile/6Cd2Trvl0tw_80_DX270_DY270_CX135_CY89.png" />
      <file href="story_content/6Cd2Trvl0tw_80_RB2BDE5_DX270_DY270.swf" />
      <file href="mobile/6Cd2Trvl0tw_80_RB2BDE5_DX270_DY270_CX135_CY89.png" />
      <file href="story_content/Shape5jNNNDIdAzl.swf" />
      <file href="story_content/6KZFbbZuBym_80_DX270_DY270.jpg" />
      <file href="mobile/6KZFbbZuBym_80_DX270_DY270_CX135_CY84.jpg" />
      <file href="story_content/6KZFbbZuBym_80_RB2BDE5_DX270_DY270.jpg" />
      <file href="mobile/6KZFbbZuBym_80_RB2BDE5_DX270_DY270_CX135_CY84.jpg" />
      <file href="story_content/Shape6lfTkqHEbje.swf" />
      <file href="story_content/5ZnTHdUrFCJ_80_DX270_DY270.jpg" />
      <file href="mobile/5ZnTHdUrFCJ_80_DX270_DY270_CX135_CY90.jpg" />
      <file href="story_content/5ZnTHdUrFCJ_80_RB2BDE5_DX270_DY270.jpg" />
      <file href="mobile/5ZnTHdUrFCJ_80_RB2BDE5_DX270_DY270_CX135_CY90.jpg" />
      <file href="mobile/6mWOnHF15A7_80_DX198_DY198_CX61_CY60.png" />
      <file href="story_content/Shape5ZmtVt1ByF5.swf" />
      <file href="story_content/Shape5aYwGtI6UTM.swf" />
      <file href="story_content/5oGET6NIoZj_80_DX886_DY886.jpg" />
      <file href="mobile/5oGET6NIoZj_80_DX886_DY886_CX443_CY313.jpg" />
      <file href="story_content/Shape6fTTjhUC7MA.swf" />
      <file href="story_content/Shape5hWtOJQgEEz.swf" />
      <file href="story_content/txt__default_6YZI2kTgXpn.swf" />
      <file href="story_content/5jEBEZadzmU_80_DX886_DY886.swf" />
      <file href="mobile/5jEBEZadzmU_80_DX886_DY886_CX443_CY313.png" />
      <file href="story_content/Shape6omY84UYiiF.swf" />
      <file href="story_content/Shape5xVv7fZLoox.swf" />
      <file href="story_content/Shape5VqACGPZUEX.swf" />
      <file href="story_content/5ucOazZw2Zn_80_DX950_DY950.jpg" />
      <file href="mobile/5ucOazZw2Zn_80_DX950_DY950_CX475_CY336.jpg" />
      <file href="story_content/Shape6XgOjTieJFs.swf" />
      <file href="story_content/Shape6rLloCYeQcF.swf" />
      <file href="story_content/Shape6ow2pDeuRZ3.swf" />
      <file href="story_content/txt__default_6GIN24D1lU6.swf" />
      <file href="story_content/Shape65M3BZnZwxK.swf" />
      <file href="story_content/Shape5eUKTmk2gTG.swf" />
      <file href="story_content/txt__default_6aRRAyw65QL.swf" />
      <file href="story_content/Shape69B8zkNB1r7.swf" />
      <file href="story_content/Shape5XcGznThpwx.swf" />
      <file href="story_content/Shape6BsfQhkFBDU.swf" />
      <file href="story_content/Shape6IPj3tVxs8q.swf" />
      <file href="story_content/Shape6UIoxgm2Wsp.swf" />
      <file href="story_content/Shape6hQOGZRRp0f.swf" />
      <file href="story_content/Shape6TADjvS6GGT.swf" />
      <file href="story_content/5rYTAqwEzVp_80_DX1092_DY1092.swf" />
      <file href="mobile/5rYTAqwEzVp_80_DX1092_DY1092_CX260_CY55.png" />
      <file href="story_content/Shape6lScfJAj4nr.swf" />
      <file href="story_content/5xHQdgvwkgp_80_DX1092_DY1092.swf" />
      <file href="mobile/5xHQdgvwkgp_80_DX1092_DY1092_CX260_CY55.png" />
      <file href="story_content/Shape5sIXfva54R9.swf" />
      <file href="story_content/5dIErw6qh3c_80_DX1092_DY1092.swf" />
      <file href="mobile/5dIErw6qh3c_80_DX1092_DY1092_CX270_CY80.png" />
      <file href="story_content/Shape6HlQLj0G2WG.swf" />
      <file href="story_content/Shape68hLriAOEsB.swf" />
      <file href="mobile/5dIErw6qh3c_80_DX1092_DY1092_CX546_CY162.png" />
      <file href="story_content/6NKjovQuVF8_80_DX1090_DY1090.swf" />
      <file href="mobile/6NKjovQuVF8_80_DX1090_DY1090_CX545_CY161.png" />
      <file href="mobile/5xHQdgvwkgp_80_DX1092_DY1092_CX546_CY115.png" />
      <file href="story_content/5eP9ALu3gFJ_80_DX1090_DY1090.swf" />
      <file href="mobile/5eP9ALu3gFJ_80_DX1090_DY1090_CX545_CY115.png" />
      <file href="mobile/5rYTAqwEzVp_80_DX1092_DY1092_CX546_CY115.png" />
      <file href="story_content/5jTkxB5Dmxb_80_DX1090_DY1090.swf" />
      <file href="mobile/5jTkxB5Dmxb_80_DX1090_DY1090_CX545_CY115.png" />
      <file href="story_content/Shape5eM4Qg587nO.swf" />
      <file href="story_content/Shape5fsrKDn7STx.swf" />
      <file href="story_content/Shape5ln2RZTxW3M.swf" />
      <file href="story_content/Shape6KIMYgNugeD.swf" />
      <file href="story_content/Shape5Xx38NroAMi.swf" />
      <file href="story_content/Shape5lU2rD0qJsd.swf" />
      <file href="story_content/Shape6eDnXyPVR91.swf" />
      <file href="story_content/Shape6V1mUHfbxGQ.swf" />
      <file href="story_content/Shape5qZPqsJhFTX.swf" />
      <file href="story_content/5ws9cKytuud_80_P_0_0_1157_764_DX1026_DY1026.swf" />
      <file href="mobile/5ws9cKytuud_80_P_0_0_1157_764_DX1026_DY1026_CX464_CY306.png" />
      <file href="story_content/Shape5o5byTxjEAZ.swf" />
      <file href="story_content/Shape6CpyGfPvpKP.swf" />
      <file href="story_content/txt__default_5mjSUWIoUQl.swf" />
      <file href="story_content/Shape6b4mo6ATtcm.swf" />
      <file href="story_content/Shape5fDC5dvgNBQ.swf" />
      <file href="story_content/6Te2S5JUrcw_80_DX964_DY964.jpg" />
      <file href="mobile/6Te2S5JUrcw_80_DX964_DY964_CX482_CY320.jpg" />
      <file href="story_content/Shape69mAu5aBSzu.swf" />
      <file href="story_content/Shape5UxaCtJsk0k.swf" />
      <file href="story_content/Shape5dDmzLoaGSB.swf" />
      <file href="story_content/Shape6iB6k7JuF1H.swf" />
      <file href="story_content/Shape6psjCOLU0DO.swf" />
      <file href="story_content/txt__default_5jVdGvAaVlf.swf" />
      <file href="story_content/Shape5z23P6duEoO.swf" />
      <file href="story_content/6Lyo0F2mUow_80_DX926_DY926.jpg" />
      <file href="mobile/6Lyo0F2mUow_80_DX926_DY926_CX463_CY317.jpg" />
      <file href="story_content/Shape5X28yTgB05o.swf" />
      <file href="story_content/Shape5x3Cg96cNKp.swf" />
      <file href="story_content/5ZVHJxnQvwb_80_DX754_DY754.jpg" />
      <file href="mobile/5ZVHJxnQvwb_80_DX754_DY754_CX377_CY250.jpg" />
      <file href="story_content/txt__default_6N4BlZcSECw.swf" />
      <file href="story_content/Shape6iT5Gq32Y2u.swf" />
      <file href="story_content/Shape6mesHCzE2c2.swf" />
      <file href="story_content/Shape5f5C80FPexh.swf" />
      <file href="story_content/68HPaLI4GLT_80_DX460_DY460.jpg" />
      <file href="mobile/68HPaLI4GLT_80_DX460_DY460_CX230_CY154.jpg" />
      <file href="story_content/68HPaLI4GLT_80_RB2BDE5_DX460_DY460.jpg" />
      <file href="mobile/68HPaLI4GLT_80_RB2BDE5_DX460_DY460_CX230_CY154.jpg" />
      <file href="story_content/Shape6IALlvKkUK4.swf" />
      <file href="story_content/6LIvZoqOyzx_80_DX460_DY460.jpg" />
      <file href="mobile/6LIvZoqOyzx_80_DX460_DY460_CX230_CY154.jpg" />
      <file href="story_content/6LIvZoqOyzx_80_RB2BDE5_DX460_DY460.jpg" />
      <file href="mobile/6LIvZoqOyzx_80_RB2BDE5_DX460_DY460_CX230_CY154.jpg" />
      <file href="story_content/Shape6eaArLHy6xW.swf" />
      <file href="story_content/6b2A3cZBO3o_80_DX460_DY460.jpg" />
      <file href="mobile/6b2A3cZBO3o_80_DX460_DY460_CX230_CY153.jpg" />
      <file href="story_content/6b2A3cZBO3o_80_RB2BDE5_DX460_DY460.jpg" />
      <file href="mobile/6b2A3cZBO3o_80_RB2BDE5_DX460_DY460_CX230_CY153.jpg" />
      <file href="story_content/Shape6NbT7U0FGlQ.swf" />
      <file href="story_content/6HWwpkPj16f_80_DX464_DY464.jpg" />
      <file href="mobile/6HWwpkPj16f_80_DX464_DY464_CX232_CY155.jpg" />
      <file href="story_content/6HWwpkPj16f_80_RB2BDE5_DX464_DY464.jpg" />
      <file href="mobile/6HWwpkPj16f_80_RB2BDE5_DX464_DY464_CX232_CY155.jpg" />
      <file href="story_content/Shape5y1UkQuJ6y2.swf" />
      <file href="story_content/Shape5WORzYmHdma.swf" />
      <file href="story_content/Shape6VT6QvtzRe6.swf" />
      <file href="story_content/6qIywg6vdoX_80_DX946_DY946.jpg" />
      <file href="mobile/6qIywg6vdoX_80_DX946_DY946_CX473_CY315.jpg" />
      <file href="story_content/Shape6UrSiq0IMJW.swf" />
      <file href="story_content/Shape5jEuPXhFymk.swf" />
      <file href="story_content/Shape5r1V4F2Vcnh.swf" />
      <file href="story_content/Shape6PKv4qklzIZ.swf" />
      <file href="story_content/txt__default_5ns94ZxVvpz.swf" />
      <file href="story_content/5anYF6wG7mw_80_DX570_DY570.jpg" />
      <file href="mobile/5anYF6wG7mw_80_DX570_DY570_CX285_CY192.jpg" />
      <file href="story_content/Shape5bp8MewH32t.swf" />
      <file href="story_content/Shape5eH9oEc56uv.swf" />
      <file href="story_content/Shape6W3CBjBen5a.swf" />
      <file href="story_content/Shape6QVYPkRJnRw.swf" />
      <file href="story_content/Shape5VYeClZ11NY.swf" />
      <file href="story_content/Shape5irHaGLvxyt.swf" />
      <file href="story_content/Shape6mqBk9N2a1Y.swf" />
      <file href="story_content/Shape6XZRpz1Snvq.swf" />
      <file href="story_content/Shape61sjKA4FGny.swf" />
      <file href="story_content/Shape5aQGto8H7p9.swf" />
      <file href="story_content/Shape5keH3p9IVzS.swf" />
      <file href="story_content/Shape5WB5fYNIhW6.swf" />
      <file href="story_content/Shape6HQ62cPAV0l.swf" />
      <file href="story_content/Shape6d9ggzzUd8L.swf" />
      <file href="story_content/6GCxzUjak5N_80_DX870_DY870.jpg" />
      <file href="mobile/6GCxzUjak5N_80_DX870_DY870_CX435_CY315.jpg" />
      <file href="story_content/Shape5mSwVkNwPjD.swf" />
      <file href="story_content/Shape609auAj5305.swf" />
      <file href="story_content/Shape69man0KNXwR.swf" />
      <file href="story_content/txt__default_6JHEtcbrwdk.swf" />
      <file href="story_content/6Zi4GmQCeMt_80_DX988_DY988.jpg" />
      <file href="mobile/6Zi4GmQCeMt_80_DX988_DY988_CX232_CY154.jpg" />
      <file href="story_content/Shape6ploi2vKQOt.swf" />
      <file href="story_content/Shape6Rce2slMN7E.swf" />
      <file href="story_content/6Zi4GmQCeMt_80_DX990_DY990.jpg" />
      <file href="mobile/6Zi4GmQCeMt_80_DX990_DY990_CX495_CY328.jpg" />
      <file href="story_content/Shape6W4Vm9PTUTb.swf" />
      <file href="story_content/txt__default_657na0h46g2.swf" />
      <file href="story_content/Shape6JYV8B013W4.swf" />
      <file href="story_content/Shape5yiQAIPXheg.swf" />
      <file href="story_content/Shape6PJtJDVqTiA.swf" />
      <file href="story_content/Shape6imbJtOWWsi.swf" />
      <file href="story_content/Shape6cU9hFDi7Px.swf" />
      <file href="story_content/Shape6pO0qkSF5h9.swf" />
      <file href="story_content/txt__default_6loLv2mdvXj.swf" />
      <file href="story_content/Shape6Qy7DmQJ3pA.swf" />
      <file href="story_content/Shape6hgnFHP4c2q.swf" />
      <file href="story_content/Shape5bNzWFmNh6m.swf" />
      <file href="story_content/Shape5smsfEERSQy.swf" />
      <file href="story_content/Shape6Kg7RAvBC7E.swf" />
      <file href="story_content/5UpELrr63dS_80_DX1000_DY1000.swf" />
      <file href="mobile/5UpELrr63dS_80_DX1000_DY1000_CX500_CY200.png" />
      <file href="story_content/5qYH6WAfskc_80_DX30_DY30.swf" />
      <file href="mobile/5qYH6WAfskc_80_DX30_DY30_CX15_CY12.png" />
      <file href="story_content/Shape5ax04k7Quv1.swf" />
      <file href="story_content/69DKjB8kdSg_80_DX754_DY754.jpg" />
      <file href="mobile/69DKjB8kdSg_80_DX754_DY754_CX377_CY251.jpg" />
      <file href="story_content/Shape6EO60uo8hpE.swf" />
      <file href="story_content/Shape6ciN0Oe2AlC.swf" />
      <file href="story_content/Shape5tlQlJRx8wV.swf" />
      <file href="story_content/5X7ip85qP9a_80_DX906_DY906.jpg" />
      <file href="mobile/5X7ip85qP9a_80_DX906_DY906_CX453_CY296.jpg" />
      <file href="story_content/Shape6S7Rt4HgjMJ.swf" />
      <file href="story_content/Shape5iizQhIuYs6.swf" />
      <file href="story_content/Shape60ehNxRqL1Z.swf" />
      <file href="story_content/Shape6Pkw3DR1F7q.swf" />
      <file href="story_content/Shape5y3eZUnA9fo.swf" />
      <file href="story_content/Shape5Z5qFW8yBYZ.swf" />
      <file href="story_content/Shape6OuhnVYKzZU.swf" />
      <file href="story_content/Shape5n83mL2u5bR.swf" />
      <file href="story_content/Shape6hqXshJBYH9.swf" />
      <file href="story_content/6Ah65wCacHd_80_DX742_DY742.jpg" />
      <file href="mobile/6Ah65wCacHd_80_DX742_DY742_CX371_CY264.jpg" />
      <file href="story_content/txt__default_6Y7VqpIFjen.swf" />
      <file href="story_content/Shape6bb6TbTOHYV.swf" />
      <file href="story_content/Shape5g60TKC8CyP.swf" />
      <file href="story_content/Shape6hrBM99fEfB.swf" />
      <file href="story_content/txt__default_6nAKzVxITy1.swf" />
      <file href="story_content/5rwcAeNO2sF_80_DX462_DY462.jpg" />
      <file href="mobile/5rwcAeNO2sF_80_DX462_DY462_CX231_CY154.jpg" />
      <file href="story_content/67MVLdBL7LE_80_DX464_DY464.jpg" />
      <file href="mobile/67MVLdBL7LE_80_DX464_DY464_CX232_CY154.jpg" />
      <file href="story_content/6Yx13DzWwmh_80_P_373_0_1546_987_DX570_DY570.swf" />
      <file href="mobile/6Yx13DzWwmh_80_P_373_0_1546_987_DX570_DY570_CX230_CY154.png" />
      <file href="story_content/Shape5zJqw9PxQyE.swf" />
      <file href="story_content/Shape6YhTIC7vKvr.swf" />
      <file href="story_content/Shape6jniMCO3rJn.swf" />
      <file href="story_content/Shape5odBInnOwtm.swf" />
      <file href="story_content/Shape5oprDjateYI.swf" />
      <file href="story_content/Shape6Vqqqe0jJIA.swf" />
      <file href="story_content/txt__default_5v4wI8cloyo.swf" />
      <file href="story_content/Shape5UxJUwI0jUo.swf" />
      <file href="story_content/Shape6OzlPE5cfZZ.swf" />
      <file href="story_content/Shape6OuDNLgeWv2.swf" />
      <file href="story_content/5nCWBQD26kj_80_Q2808080_DX210_DY210.jpg" />
      <file href="mobile/5nCWBQD26kj_80_Q2808080_DX210_DY210_CX128_CY128.jpg" />
      <file href="story_content/5nCWBQD26kj_80_Q2808080_DX360_DY360.jpg" />
      <file href="mobile/5nCWBQD26kj_80_Q2808080_DX360_DY360_CX128_CY128.jpg" />
      <file href="story_content/60C2FrsxZiv_80_P_0_56_1280_689_DX970_DY970.swf" />
      <file href="mobile/60C2FrsxZiv_80_P_0_56_1280_689_DX970_DY970_CX485_CY261.png" />
      <file href="story_content/Shape5yVF88Id7Zb.swf" />
      <file href="story_content/Shape5j6bVL5ZRcd.swf" />
      <file href="story_content/Shape6SYfIwHZpKl.swf" />
      <file href="story_content/Shape6FPJiBPXYhi.swf" />
      <file href="story_content/Shape6DnGeKZol39.swf" />
      <file href="story_content/Shape5u6Ob4pyj3W.swf" />
      <file href="story_content/Shape5Wu4XODqvOE.swf" />
      <file href="story_content/Shape6eDBk4LCe3A.swf" />
      <file href="story_content/5kEBeNG4awS_80_P_6_6_435_269_DX588_DY588.swf" />
      <file href="mobile/5kEBeNG4awS_80_P_6_6_435_269_DX588_DY588_CX286_CY176.png" />
      <file href="story_content/6k0CM7900bv_80_P_34_39_755_473_DX620_DY620.swf" />
      <file href="mobile/6k0CM7900bv_80_P_34_39_755_473_DX620_DY620_CX284_CY176.png" />
      <file href="story_content/Shape6YmAK4FOZyW.swf" />
      <file href="story_content/5f6amqLQCDG_80_DX590_DY590.jpg" />
      <file href="mobile/5f6amqLQCDG_80_DX590_DY590_CX295_CY196.jpg" />
      <file href="story_content/68wgbeslfwd_80_DX590_DY590.jpg" />
      <file href="mobile/68wgbeslfwd_80_DX590_DY590_CX295_CY197.jpg" />
      <file href="story_content/Shape5xW86I5i7ct.swf" />
      <file href="story_content/Shape6HSw8nzRp1U.swf" />
      <file href="story_content/5c1Pq5nReBh_80_DX366_DY366.swf" />
      <file href="mobile/5c1Pq5nReBh_80_DX366_DY366_CX183_CY122.png" />
      <file href="story_content/6YEJ6ygNKJp_80_P_77_0_562_376_DX392_DY392.swf" />
      <file href="mobile/6YEJ6ygNKJp_80_P_77_0_562_376_DX392_DY392_CX173_CY115.png" />
      <file href="story_content/6Ph5CJYwP1U_80_DX346_DY346.jpg" />
      <file href="mobile/6Ph5CJYwP1U_80_DX346_DY346_CX173_CY115.jpg" />
      <file href="story_content/Shape66056wGjMHk.swf" />
      <file href="story_content/Shape6I2h8VLodfQ.swf" />
      <file href="story_content/Shape5pjBXo1JSvN.swf" />
      <file href="story_content/Shape5rywecM6ch6.swf" />
      <file href="meta.xml" />
      <file href="story_content/FontFactory.swf" />
      <file href="story_content/fonts.swf" />
      <file href="mobile/fonts.js" />
      <file href="story_content/frame.xml" />
      <file href="story_content/frame.js" />
      <file href="story_content/user.js" />
      <file href="story_unsupported.html" />
      <file href="mobile/Slide5kCF3MO23fH.jpg" />
      <file href="mobile/Slide6E71TXucAZp.jpg" />
      <file href="mobile/txt__default_5nl7QdUnAWA.png" />
      <file href="mobile/txt__default_6i57isauHnF.png" />
      <file href="mobile/txt__default_Hover_6i57isauHnF.png" />
      <file href="mobile/txt__default_Hover_Selected_6i57isauHnF.png" />
      <file href="mobile/txt__default_5szTPlHrVJO.png" />
      <file href="mobile/txt__default_Hover_5szTPlHrVJO.png" />
      <file href="mobile/txt__default_Hover_Selected_5szTPlHrVJO.png" />
      <file href="mobile/txt__default_5fBOxmmAXKd.png" />
      <file href="mobile/txt__default_Hover_5fBOxmmAXKd.png" />
      <file href="mobile/txt__default_Hover_Selected_5fBOxmmAXKd.png" />
      <file href="mobile/txt__default_5oHwm8t5pQF.png" />
      <file href="mobile/txt__default_5qSGRSWZhko.png" />
      <file href="mobile/txt__default_5yw8BtYWyXe.png" />
      <file href="mobile/txt__default_637u4Kv8HQX.png" />
      <file href="mobile/txt__default_6B09yPY67e4.png" />
      <file href="mobile/txt__default_5Zw1CFZ7hRj.png" />
      <file href="mobile/txt__default_6PIo5hTtZaW.png" />
      <file href="mobile/txt__default_65Qc5Nbb7jE.png" />
      <file href="mobile/txt__default_6JbHImgaCJe.png" />
      <file href="mobile/txt__default_6Ut0K8S9L3s.png" />
      <file href="mobile/txt__default_5h5Fs6NDAu1.png" />
      <file href="mobile/txt__default_6YZI2kTgXpn.png" />
      <file href="mobile/txt__default_6GIN24D1lU6.png" />
      <file href="mobile/txt__default_6aRRAyw65QL.png" />
      <file href="mobile/txt__default_5mjSUWIoUQl.png" />
      <file href="mobile/txt__default_5jVdGvAaVlf.png" />
      <file href="mobile/txt__default_6N4BlZcSECw.png" />
      <file href="mobile/txt__default_5ns94ZxVvpz.png" />
      <file href="mobile/txt__default_6JHEtcbrwdk.png" />
      <file href="mobile/txt__default_657na0h46g2.png" />
      <file href="mobile/txt__default_6loLv2mdvXj.png" />
      <file href="mobile/txt__default_6Y7VqpIFjen.png" />
      <file href="mobile/txt__default_6nAKzVxITy1.png" />
      <file href="mobile/txt__default_5v4wI8cloyo.png" />
      <file href="mobile/player.css" />
      <file href="mobile/player_compiled.js" />
      <file href="story.swf" />
      <file href="story_content/frame.swf" />
      <file href="story_content/slides/5W6QcXwZIWN.swf" />
      <file href="story_content/slides/5yPNrflI7of.swf" />
      <file href="mobile/slides/5yPNrflI7of.js" />
      <file href="mobile/slides/5W6QcXwZIWN.js" />
      <file href="story_content/slides/6Ud1WqskuCx.swf" />
      <file href="story_content/slides/6SFVZUz3plj.swf" />
      <file href="story_content/slides/5isZlS3NP1Z.swf" />
      <file href="story_content/slides/6CNuw35w6iP.swf" />
      <file href="story_content/slides/5fTGAKeaBqV.swf" />
      <file href="story_content/slides/6MRzwUrlKWO.swf" />
      <file href="story_content/slides/67BuBVdTW97.swf" />
      <file href="story_content/slides/5y3HBM3oE6q.swf" />
      <file href="mobile/slides/6Ud1WqskuCx.js" />
      <file href="mobile/slides/67BuBVdTW97.js" />
      <file href="story_content/slides/6RJmzchKzCr.swf" />
      <file href="mobile/slides/5y3HBM3oE6q.js" />
      <file href="mobile/slides/6MRzwUrlKWO.js" />
      <file href="mobile/slides/5isZlS3NP1Z.js" />
      <file href="mobile/slides/6SFVZUz3plj.js" />
      <file href="mobile/slides/5fTGAKeaBqV.js" />
      <file href="mobile/slides/6CNuw35w6iP.js" />
      <file href="mobile/slides/6RJmzchKzCr.js" />
      <file href="story_content/slides/5iOu50hfCQR.swf" />
      <file href="story_content/slides/6B6Udti2B8Q.swf" />
      <file href="story_content/slides/6G2VLXm8YGD.swf" />
      <file href="story_content/slides/6HjT0GnpsxK.swf" />
      <file href="story_content/slides/6cKBvKyXkqn.swf" />
      <file href="story_content/slides/6KaRBLkwkFE.swf" />
      <file href="story_content/slides/5idLZhj82Gk.swf" />
      <file href="story_content/slides/5sUQJydyO9n.swf" />
      <file href="mobile/slides/5iOu50hfCQR.js" />
      <file href="story_content/slides/65iiwzZuc0n.swf" />
      <file href="mobile/slides/6B6Udti2B8Q.js" />
      <file href="mobile/slides/6KaRBLkwkFE.js" />
      <file href="mobile/slides/6cKBvKyXkqn.js" />
      <file href="mobile/slides/6G2VLXm8YGD.js" />
      <file href="mobile/slides/6HjT0GnpsxK.js" />
      <file href="mobile/slides/5sUQJydyO9n.js" />
      <file href="story_content/slides/61SDL5KA8WR.swf" />
      <file href="story_content/slides/66ge4pAXjw0.swf" />
      <file href="story_content/slides/6jygb2Fqxjk.swf" />
      <file href="mobile/slides/5idLZhj82Gk.js" />
      <file href="story_content/slides/6lZtVPVkpyk.swf" />
      <file href="story_content/slides/6BtjyISQMg3.swf" />
      <file href="story_content/slides/66Mp6raziKp.swf" />
      <file href="story_content/slides/6hnwr7Bq6YO.swf" />
      <file href="mobile/slides/65iiwzZuc0n.js" />
      <file href="story_content/slides/6RajHaDn1Ox.swf" />
      <file href="mobile/slides/61SDL5KA8WR.js" />
      <file href="mobile/slides/6lZtVPVkpyk.js" />
      <file href="mobile/slides/66ge4pAXjw0.js" />
      <file href="story_content/slides/61zt2EAGvld.swf" />
      <file href="story_content/slides/62etxQBeyKs.swf" />
      <file href="mobile/slides/6jygb2Fqxjk.js" />
      <file href="mobile/slides/6RajHaDn1Ox.js" />
      <file href="mobile/slides/6BtjyISQMg3.js" />
      <file href="story_content/slides/6fEdehfeCfg.swf" />
      <file href="mobile/slides/66Mp6raziKp.js" />
      <file href="mobile/slides/6hnwr7Bq6YO.js" />
      <file href="mobile/slides/61zt2EAGvld.js" />
      <file href="mobile/slides/62etxQBeyKs.js" />
      <file href="story_content/slides/6b6lGIZLVH7.swf" />
      <file href="mobile/slides/6fEdehfeCfg.js" />
      <file href="mobile/slides/6b6lGIZLVH7.js" />
      <file href="story_content/slides/5XkwH9JlMWV.swf" />
      <file href="story_content/slides/5abbPHZpGc2.swf" />
      <file href="story_content/slides/6qTYIpRfm8J.swf" />
      <file href="story_content/slides/6DZdiaUXkUS.swf" />
      <file href="story_content/slides/5b3gWBz19tT.swf" />
      <file href="story_content/slides/5c408lytjYV.swf" />
      <file href="story_content/slides/6UsQeKFNX9n.swf" />
      <file href="story_content/slides/6F5RIQ2Nng1.swf" />
      <file href="mobile/slides/6qTYIpRfm8J.js" />
      <file href="mobile/slides/5c408lytjYV.js" />
      <file href="mobile/slides/5b3gWBz19tT.js" />
      <file href="mobile/slides/5XkwH9JlMWV.js" />
      <file href="mobile/slides/6DZdiaUXkUS.js" />
      <file href="mobile/slides/5abbPHZpGc2.js" />
      <file href="story_content/slides/6ANTqATYkzd.swf" />
      <file href="story_content/slides/5nMmBoDqVPE.swf" />
      <file href="story_content/slides/5k9jRzsSUQe.swf" />
      <file href="story_content/slides/6Lys7hZWmAx.swf" />
      <file href="story_content/slides/6p4rAMQSdfW.swf" />
      <file href="story_content/slides/6gWAX8gfyOL.swf" />
      <file href="mobile/slides/6F5RIQ2Nng1.js" />
      <file href="mobile/slides/6UsQeKFNX9n.js" />
      <file href="story_content/slides/6jdP0en1adx.swf" />
      <file href="story_content/slides/64b2n2MIiHJ.swf" />
      <file href="mobile/slides/5nMmBoDqVPE.js" />
      <file href="mobile/slides/6ANTqATYkzd.js" />
      <file href="mobile/slides/5k9jRzsSUQe.js" />
      <file href="mobile/slides/6Lys7hZWmAx.js" />
      <file href="mobile/slides/6gWAX8gfyOL.js" />
      <file href="mobile/slides/6p4rAMQSdfW.js" />
      <file href="story_content/slides/5wHTQkkyZhg.swf" />
      <file href="story_content/slides/6OJ0XguRnHE.swf" />
      <file href="story_content/slides/5n5UeFBONkv.swf" />
      <file href="story_content/slides/5p7r4006FZ5.swf" />
      <file href="story_content/slides/5XKw1WPGjcB.swf" />
      <file href="story_content/slides/6h2M852lSSQ.swf" />
      <file href="mobile/slides/6jdP0en1adx.js" />
      <file href="mobile/slides/5wHTQkkyZhg.js" />
      <file href="mobile/slides/64b2n2MIiHJ.js" />
      <file href="mobile/slides/6OJ0XguRnHE.js" />
      <file href="story_content/slides/6G4HR0L0DXq.swf" />
      <file href="mobile/slides/5n5UeFBONkv.js" />
      <file href="story_content/slides/62EpxlDEAXk.swf" />
      <file href="mobile/slides/6h2M852lSSQ.js" />
      <file href="mobile/slides/5XKw1WPGjcB.js" />
      <file href="mobile/slides/5p7r4006FZ5.js" />
      <file href="mobile/slides/6G4HR0L0DXq.js" />
      <file href="mobile/slides/62EpxlDEAXk.js" />
      <file href="story_content/slides/5xUaovi2OQP.swf" />
      <file href="mobile/slides/5xUaovi2OQP.js" />
      <file href="story_content/slides/6pXjjXmysrJ.swf" />
      <file href="story_content/slides/5wrkEhwtZas.swf" />
      <file href="story_content/slides/5ZmahwbH8G7.swf" />
      <file href="mobile/slides/6pXjjXmysrJ.js" />
      <file href="mobile/slides/5ZmahwbH8G7.js" />
      <file href="mobile/slides/5wrkEhwtZas.js" />
      <file href="story_content/data.swf" />
      <file href="mobile/data.js" />
      <file href="mobile/masks.js" />
      <file href="story.html" />
      <file href="story_html5.html" />
      <file href="index_lms_html5.html" />
      <file href="story_content/blank.html" />
      <file href="story_content/story.js" />
      <file href="index_lms.html" />
      <file href="lms/AICCComm.html" />
      <file href="lms/AICCFunctions.js" />
      <file href="lms/API.js" />
      <file href="lms/APIConstants.js" />
      <file href="lms/blank.html" />
      <file href="lms/browsersniff.js" />
      <file href="lms/Configuration.js" />
      <file href="lms/goodbye.html" />
      <file href="lms/lms.js" />
      <file href="lms/LMSAPI.js" />
      <file href="lms/NONEFunctions.js" />
      <file href="lms/SCORM2004Functions.js" />
      <file href="lms/SCORMFunctions.js" />
      <file href="lms/UtilityFunctions.js" />
    </resource>
  </resources>
</manifest>